{"cameraMode":{"drawMode":0,"name":"Shaded","section":"Shading Mode"},"sceneLighting":true,"audioPlay":false,"sceneViewState":{"m_AlwaysRefresh":false,"showFog":true,"showSkybox":true,"showFlares":true,"showImageEffects":true,"showParticleSystems":true,"showVisualEffectGraphs":true,"m_FxEnabled":true},"in2DMode":false,"pivot":{"x":-0.19179801642894746,"y":0.3845154345035553,"z":0.06506957113742829},"rotation":{"x":0.05246591940522194,"y":0.019471904262900354,"z":-0.0010232152417302132,"w":0.998432457447052},"size":0.4434793293476105,"orthographic":true}